<?xml version="1.0" encoding="UTF-8"?>
<beans xmlns="http://www.springframework.org/schema/beans"
    xmlns:xsi="http://www.w3.org/2001/XMLSchema-instance" 
    xmlns:aop="http://www.springframework.org/schema/aop"
    xsi:schemaLocation="http://www.springframework.org/schema/beans
    http://www.springframework.org/schema/beans/spring-beans-3.0.xsd 
    http://www.springframework.org/schema/aop 
    http://www.springframework.org/schema/aop/spring-aop-3.0.xsd ">

   <!-- bean definition & AOP specific configuration -->
   <aop:aspectj-autoproxy />
   
   <bean name="triangle" class="com.bhagath.buisiness.Triangle" >
   		<property name="name" value="triangle" />
   
   </bean>

   <bean name="circle" class="com.bhagath.buisiness.Circle" >
   		<property name="name" value="circle" />
   
   </bean>
   <bean name="drawShape" class="com.bhagath.model.DrawShape" autowire="byName" />
   <bean name="logger" class="com.bhagath.logger.Logger"  />
</beans>