<?xml version="1.0" encoding="UTF-8"?>

<beans xmlns="http://www.springframework.org/schema/beans"
	xmlns:xsi="http://www.w3.org/2001/XMLSchema-instance"
	xmlns:mvc="http://www.springframework.org/schema/mvc"
	xmlns:context="http://www.springframework.org/schema/context"
	xmlns:aop="http://www.springframework.org/schema/aop"
	xsi:schemaLocation="
		http://www.springframework.org/schema/beans 
		http://www.springframework.org/schema/beans/spring-beans-3.0.xsd
		http://www.springframework.org/schema/context 
		http://www.springframework.org/schema/context/spring-context-3.0.xsd
		http://www.springframework.org/schema/mvc 
		http://www.springframework.org/schema/mvc/spring-mvc-3.0.xsd
        http://www.springframework.org/schema/aop
        http://www.springframework.org/schema/aop/spring-aop-3.0.xsd">

	

	
<bean id="triangle" class="com.bhagath.Triangle" autowire="byName" >
</bean>
<bean id="circle" class="com.bhagath.Circle" >
	<qualifier value="circleRelated" />
</bean>
<bean id="pointA" class="com.bhagath.Point" >
	<property name="x" value="10" />
	<property name="y" value="10" />
</bean>

<bean id="pointB" class="com.bhagath.Point" >
	<property name="x" value="20" />
	<property name="y" value="-20" />
</bean>

<bean id="pointC" class="com.bhagath.Point" >
	<property name="x" value="10" />
	<property name="y" value="-20" />
</bean>
<bean class="org.springframework.beans.factory.annotation.AutowiredAnnotationBeanPostProcessor" />
</beans>