<?xml version="1.0" encoding="UTF-8"?>
<!DOCTYPE beans PUBLIC "-//SPRING//DTD BEAN 2.0//EN"
    "http://www.springframework.org/dtd/spring-beans-2.0.dtd">
<beans default-init-method="myInit" default-destroy-method="cleanUp">
<bean id="triangle" class="com.bhagath.buisiness.Triangle" autowire="byName" >
</bean>
<bean id="pointA" class="com.bhagath.bean.Point" >
	<property name="x" value="${PointA.pointX}" />
	<property name="y" value="${PointA.pointY}" />
</bean>

<bean id="pointB" class="com.bhagath.bean.Point" >
	<property name="x" value="20" />
	<property name="y" value="-20" />
</bean>

<bean id="pointC" class="com.bhagath.bean.Point" >
	<property name="x" value="10" />
	<property name="y" value="-20" />
</bean>
<bean  class="com.bhagath.postprocessor.DisplayNameBeanPostprocessor" />
<bean  class="com.bhagath.factoryPP.BeanFactoryPP" />
<bean  class="org.springframework.beans.factory.config.PropertyPlaceholderConfigurer" >
<property name="locations" value="properties.properties" />
</bean>
</beans>