<?xml version="1.0" encoding="UTF-8"?>

<beans xmlns="http://www.springframework.org/schema/beans"
	xmlns:xsi="http://www.w3.org/2001/XMLSchema-instance"
	xmlns:mvc="http://www.springframework.org/schema/mvc"
	xmlns:context="http://www.springframework.org/schema/context"
	xmlns:aop="http://www.springframework.org/schema/aop"
	xsi:schemaLocation="
		http://www.springframework.org/schema/beans 
		http://www.springframework.org/schema/beans/spring-beans-3.0.xsd
		http://www.springframework.org/schema/context 
		http://www.springframework.org/schema/context/spring-context-3.0.xsd
		http://www.springframework.org/schema/mvc 
		http://www.springframework.org/schema/mvc/spring-mvc-3.0.xsd
        http://www.springframework.org/schema/aop
        http://www.springframework.org/schema/aop/spring-aop-3.0.xsd">


<context:annotation-config />
<context:component-scan base-package="com.bhagath.dao" />
<bean id="dataSource" class="org.apache.commons.dbcp.BasicDataSource" >
	<property name="driverClassName" value="org.apache.derby.jdbc.ClientDriver" />
	<property name="url" value="jdbc:derby://localhost:1527/db;create=true" />
	<property name="initialSize" value="2" />
	<property name="maxActive" value="5" />
</bean>
	



</beans>