<?xml version="1.0" encoding="UTF-8"?>
<!DOCTYPE beans PUBLIC "-//SPRING//DTD BEAN 2.0//EN"
    "http://www.springframework.org/dtd/spring-beans-2.0.dtd">
<beans default-init-method="myInit" default-destroy-method="cleanUp">
<bean id="triangle" class="com.bhagath.Triangle" autowire="byName" >
</bean>
<bean id="circle" class="com.bhagath.Circle"  >
	<property name="center" ref="pointA" />
</bean>
<bean id="pointA" class="com.bhagath.Point" >
	<property name="x" value="10" />
	<property name="y" value="10" />
</bean>

<bean id="pointB" class="com.bhagath.Point" >
	<property name="x" value="20" />
	<property name="y" value="-20" />
</bean>

<bean id="pointC" class="com.bhagath.Point" >
	<property name="x" value="10" />
	<property name="y" value="-20" />
</bean>
<bean class="org.springframework.beans.factory.annotation.RequiredAnnotationBeanPostProcessor" />

</beans>